<?xml version="1.0"?>
<phpunit xmlns="https://schema.phpunit.de/coverage/1.0">
  <file name="TrustHosts.php" path="\Http\Middleware">
    <totals>
      <lines total="21" comments="5" code="16" executable="3" executed="0" percent="0.00"/>
      <methods count="1" tested="0" percent="0.00"/>
      <functions count="0" tested="0" percent="0"/>
      <classes count="1" tested="0" percent="0.00"/>
      <traits count="0" tested="0" percent="0"/>
    </totals>
    <class name="App\Http\Middleware\TrustHosts" start="7" executable="3" executed="0" crap="2">
      <namespace name="App\Http\Middleware"/>
      <method name="hosts" signature="hosts(): array" start="14" end="19" crap="2" executable="3" executed="0" coverage="0"/>
    </class>
    <source>
      <line no="1">
        <token name="T_OPEN_TAG">&lt;?php</token>
      </line>
      <line no="2"/>
      <line no="3">
        <token name="T_NAMESPACE">namespace</token>
        <token name="T_WHITESPACE"> </token>
        <token name="T_NAME_QUALIFIED">App\Http\Middleware</token>
        <token name="T_SEMICOLON">;</token>
      </line>
      <line no="4"/>
      <line no="5">
        <token name="T_USE">use</token>
        <token name="T_WHITESPACE"> </token>
        <token name="T_NAME_QUALIFIED">Illuminate\Http\Middleware\TrustHosts</token>
        <token name="T_WHITESPACE"> </token>
        <token name="T_AS">as</token>
        <token name="T_WHITESPACE"> </token>
        <token name="T_STRING">Middleware</token>
        <token name="T_SEMICOLON">;</token>
      </line>
      <line no="6"/>
      <line no="7">
        <token name="T_CLASS">class</token>
        <token name="T_WHITESPACE"> </token>
        <token name="T_STRING">TrustHosts</token>
        <token name="T_WHITESPACE"> </token>
        <token name="T_EXTENDS">extends</token>
        <token name="T_WHITESPACE"> </token>
        <token name="T_STRING">Middleware</token>
      </line>
      <line no="8">
        <token name="T_OPEN_CURLY">{</token>
      </line>
      <line no="9">
        <token name="T_WHITESPACE">    </token>
        <token name="T_DOC_COMMENT">/**</token>
      </line>
      <line no="10">
        <token name="T_DOC_COMMENT">     * Get the host patterns that should be trusted.</token>
      </line>
      <line no="11">
        <token name="T_DOC_COMMENT">     *</token>
      </line>
      <line no="12">
        <token name="T_DOC_COMMENT">     * @return array&lt;int, string|null&gt;</token>
      </line>
      <line no="13">
        <token name="T_DOC_COMMENT">     */</token>
      </line>
      <line no="14">
        <token name="T_WHITESPACE">    </token>
        <token name="T_PUBLIC">public</token>
        <token name="T_WHITESPACE"> </token>
        <token name="T_FUNCTION">function</token>
        <token name="T_WHITESPACE"> </token>
        <token name="T_STRING">hosts</token>
        <token name="T_OPEN_BRACKET">(</token>
        <token name="T_CLOSE_BRACKET">)</token>
        <token name="T_COLON">:</token>
        <token name="T_WHITESPACE"> </token>
        <token name="T_ARRAY">array</token>
      </line>
      <line no="15">
        <token name="T_WHITESPACE">    </token>
        <token name="T_OPEN_CURLY">{</token>
      </line>
      <line no="16">
        <token name="T_WHITESPACE">        </token>
        <token name="T_RETURN">return</token>
        <token name="T_WHITESPACE"> </token>
        <token name="T_OPEN_SQUARE">[</token>
      </line>
      <line no="17">
        <token name="T_WHITESPACE">            </token>
        <token name="T_VARIABLE">$this</token>
        <token name="T_OBJECT_OPERATOR">-&gt;</token>
        <token name="T_STRING">allSubdomainsOfApplicationUrl</token>
        <token name="T_OPEN_BRACKET">(</token>
        <token name="T_CLOSE_BRACKET">)</token>
        <token name="T_COMMA">,</token>
      </line>
      <line no="18">
        <token name="T_WHITESPACE">        </token>
        <token name="T_CLOSE_SQUARE">]</token>
        <token name="T_SEMICOLON">;</token>
      </line>
      <line no="19">
        <token name="T_WHITESPACE">    </token>
        <token name="T_CLOSE_CURLY">}</token>
      </line>
      <line no="20">
        <token name="T_CLOSE_CURLY">}</token>
      </line>
      <line no="21"/>
    </source>
  </file>
</phpunit>
