<?xml version="1.0"?>
<phpunit xmlns="https://schema.phpunit.de/coverage/1.0">
  <file name="ValidateSignature.php" path="\Http\Middleware">
    <totals>
      <lines total="23" comments="5" code="18" executable="0" executed="0" percent="0"/>
      <methods count="0" tested="0" percent="0"/>
      <functions count="0" tested="0" percent="0"/>
      <classes count="0" tested="0" percent="0"/>
      <traits count="0" tested="0" percent="0"/>
    </totals>
    <class name="App\Http\Middleware\ValidateSignature" start="7" executable="0" executed="0" crap="0">
      <namespace name="App\Http\Middleware"/>
    </class>
    <source>
      <line no="1">
        <token name="T_OPEN_TAG">&lt;?php</token>
      </line>
      <line no="2"/>
      <line no="3">
        <token name="T_NAMESPACE">namespace</token>
        <token name="T_WHITESPACE"> </token>
        <token name="T_NAME_QUALIFIED">App\Http\Middleware</token>
        <token name="T_SEMICOLON">;</token>
      </line>
      <line no="4"/>
      <line no="5">
        <token name="T_USE">use</token>
        <token name="T_WHITESPACE"> </token>
        <token name="T_NAME_QUALIFIED">Illuminate\Routing\Middleware\ValidateSignature</token>
        <token name="T_WHITESPACE"> </token>
        <token name="T_AS">as</token>
        <token name="T_WHITESPACE"> </token>
        <token name="T_STRING">Middleware</token>
        <token name="T_SEMICOLON">;</token>
      </line>
      <line no="6"/>
      <line no="7">
        <token name="T_CLASS">class</token>
        <token name="T_WHITESPACE"> </token>
        <token name="T_STRING">ValidateSignature</token>
        <token name="T_WHITESPACE"> </token>
        <token name="T_EXTENDS">extends</token>
        <token name="T_WHITESPACE"> </token>
        <token name="T_STRING">Middleware</token>
      </line>
      <line no="8">
        <token name="T_OPEN_CURLY">{</token>
      </line>
      <line no="9">
        <token name="T_WHITESPACE">    </token>
        <token name="T_DOC_COMMENT">/**</token>
      </line>
      <line no="10">
        <token name="T_DOC_COMMENT">     * The names of the query string parameters that should be ignored.</token>
      </line>
      <line no="11">
        <token name="T_DOC_COMMENT">     *</token>
      </line>
      <line no="12">
        <token name="T_DOC_COMMENT">     * @var array&lt;int, string&gt;</token>
      </line>
      <line no="13">
        <token name="T_DOC_COMMENT">     */</token>
      </line>
      <line no="14">
        <token name="T_WHITESPACE">    </token>
        <token name="T_PROTECTED">protected</token>
        <token name="T_WHITESPACE"> </token>
        <token name="T_VARIABLE">$except</token>
        <token name="T_WHITESPACE"> </token>
        <token name="T_EQUAL">=</token>
        <token name="T_WHITESPACE"> </token>
        <token name="T_OPEN_SQUARE">[</token>
      </line>
      <line no="15">
        <token name="T_WHITESPACE">        </token>
        <token name="T_COMMENT">// 'fbclid',</token>
      </line>
      <line no="16">
        <token name="T_WHITESPACE">        </token>
        <token name="T_COMMENT">// 'utm_campaign',</token>
      </line>
      <line no="17">
        <token name="T_WHITESPACE">        </token>
        <token name="T_COMMENT">// 'utm_content',</token>
      </line>
      <line no="18">
        <token name="T_WHITESPACE">        </token>
        <token name="T_COMMENT">// 'utm_medium',</token>
      </line>
      <line no="19">
        <token name="T_WHITESPACE">        </token>
        <token name="T_COMMENT">// 'utm_source',</token>
      </line>
      <line no="20">
        <token name="T_WHITESPACE">        </token>
        <token name="T_COMMENT">// 'utm_term',</token>
      </line>
      <line no="21">
        <token name="T_WHITESPACE">    </token>
        <token name="T_CLOSE_SQUARE">]</token>
        <token name="T_SEMICOLON">;</token>
      </line>
      <line no="22">
        <token name="T_CLOSE_CURLY">}</token>
      </line>
      <line no="23"/>
    </source>
  </file>
</phpunit>
