{
    "debug": true,
    "port": 6001,
    "appManager.array.apps": [
        {
            "id": "app-id",
            "key": "app-key",
            "secret": "app-secret",
            "enabled": true,
            "enableClientMessages": true,
            "webhooks": [],
            "maxBackendEventsPerSecond": -1,
            "maxClientEventsPerSecond": -1,
            "maxReadRequestsPerSecond": -1,
            "maxPresenceMembersPerChannel": 100,
            "maxPresenceMemberSizeInKb": 2,
            "maxChannelNameLength": 200,
            "maxEventChannelsAtOnce": 10,
            "maxEventNameLength": 100,
            "maxEventPayloadInKb": 4,
            "maxEventBatchSize": 10
        }
    ]
}
