<?xml version="1.0"?>
<phpunit xmlns="https://schema.phpunit.de/coverage/1.0">
  <file name="Controller.php" path="\Http\Controllers">
    <totals>
      <lines total="13" comments="0" code="13" executable="0" executed="0" percent="0"/>
      <methods count="0" tested="0" percent="0"/>
      <functions count="0" tested="0" percent="0"/>
      <classes count="0" tested="0" percent="0"/>
      <traits count="0" tested="0" percent="0"/>
    </totals>
    <class name="App\Http\Controllers\Controller" start="9" executable="0" executed="0" crap="0">
      <namespace name="App\Http\Controllers"/>
    </class>
    <source>
      <line no="1">
        <token name="T_OPEN_TAG">&lt;?php</token>
      </line>
      <line no="2"/>
      <line no="3">
        <token name="T_NAMESPACE">namespace</token>
        <token name="T_WHITESPACE"> </token>
        <token name="T_NAME_QUALIFIED">App\Http\Controllers</token>
        <token name="T_SEMICOLON">;</token>
      </line>
      <line no="4"/>
      <line no="5">
        <token name="T_USE">use</token>
        <token name="T_WHITESPACE"> </token>
        <token name="T_NAME_QUALIFIED">Illuminate\Foundation\Auth\Access\AuthorizesRequests</token>
        <token name="T_SEMICOLON">;</token>
      </line>
      <line no="6">
        <token name="T_USE">use</token>
        <token name="T_WHITESPACE"> </token>
        <token name="T_NAME_QUALIFIED">Illuminate\Foundation\Validation\ValidatesRequests</token>
        <token name="T_SEMICOLON">;</token>
      </line>
      <line no="7">
        <token name="T_USE">use</token>
        <token name="T_WHITESPACE"> </token>
        <token name="T_NAME_QUALIFIED">Illuminate\Routing\Controller</token>
        <token name="T_WHITESPACE"> </token>
        <token name="T_AS">as</token>
        <token name="T_WHITESPACE"> </token>
        <token name="T_STRING">BaseController</token>
        <token name="T_SEMICOLON">;</token>
      </line>
      <line no="8"/>
      <line no="9">
        <token name="T_CLASS">class</token>
        <token name="T_WHITESPACE"> </token>
        <token name="T_STRING">Controller</token>
        <token name="T_WHITESPACE"> </token>
        <token name="T_EXTENDS">extends</token>
        <token name="T_WHITESPACE"> </token>
        <token name="T_STRING">BaseController</token>
      </line>
      <line no="10">
        <token name="T_OPEN_CURLY">{</token>
      </line>
      <line no="11">
        <token name="T_WHITESPACE">    </token>
        <token name="T_USE">use</token>
        <token name="T_WHITESPACE"> </token>
        <token name="T_STRING">AuthorizesRequests</token>
        <token name="T_COMMA">,</token>
        <token name="T_WHITESPACE"> </token>
        <token name="T_STRING">ValidatesRequests</token>
        <token name="T_SEMICOLON">;</token>
      </line>
      <line no="12">
        <token name="T_CLOSE_CURLY">}</token>
      </line>
      <line no="13"/>
    </source>
  </file>
</phpunit>
