<?xml version="1.0"?>
<phpunit xmlns="https://schema.phpunit.de/coverage/1.0">
  <file name="Kernel.php" path="\Http">
    <totals>
      <lines total="72" comments="21" code="51" executable="0" executed="0" percent="0"/>
      <methods count="0" tested="0" percent="0"/>
      <functions count="0" tested="0" percent="0"/>
      <classes count="0" tested="0" percent="0"/>
      <traits count="0" tested="0" percent="0"/>
    </totals>
    <class name="App\Http\Kernel" start="7" executable="0" executed="0" crap="0">
      <namespace name="App\Http"/>
    </class>
    <source>
      <line no="1">
        <token name="T_OPEN_TAG">&lt;?php</token>
      </line>
      <line no="2"/>
      <line no="3">
        <token name="T_NAMESPACE">namespace</token>
        <token name="T_WHITESPACE"> </token>
        <token name="T_NAME_QUALIFIED">App\Http</token>
        <token name="T_SEMICOLON">;</token>
      </line>
      <line no="4"/>
      <line no="5">
        <token name="T_USE">use</token>
        <token name="T_WHITESPACE"> </token>
        <token name="T_NAME_QUALIFIED">Illuminate\Foundation\Http\Kernel</token>
        <token name="T_WHITESPACE"> </token>
        <token name="T_AS">as</token>
        <token name="T_WHITESPACE"> </token>
        <token name="T_STRING">HttpKernel</token>
        <token name="T_SEMICOLON">;</token>
      </line>
      <line no="6"/>
      <line no="7">
        <token name="T_CLASS">class</token>
        <token name="T_WHITESPACE"> </token>
        <token name="T_STRING">Kernel</token>
        <token name="T_WHITESPACE"> </token>
        <token name="T_EXTENDS">extends</token>
        <token name="T_WHITESPACE"> </token>
        <token name="T_STRING">HttpKernel</token>
      </line>
      <line no="8">
        <token name="T_OPEN_CURLY">{</token>
      </line>
      <line no="9">
        <token name="T_WHITESPACE">    </token>
        <token name="T_DOC_COMMENT">/**</token>
      </line>
      <line no="10">
        <token name="T_DOC_COMMENT">     * The application's global HTTP middleware stack.</token>
      </line>
      <line no="11">
        <token name="T_DOC_COMMENT">     *</token>
      </line>
      <line no="12">
        <token name="T_DOC_COMMENT">     * These middleware are run during every request to your application.</token>
      </line>
      <line no="13">
        <token name="T_DOC_COMMENT">     *</token>
      </line>
      <line no="14">
        <token name="T_DOC_COMMENT">     * @var array&lt;int, class-string|string&gt;</token>
      </line>
      <line no="15">
        <token name="T_DOC_COMMENT">     */</token>
      </line>
      <line no="16">
        <token name="T_WHITESPACE">    </token>
        <token name="T_PROTECTED">protected</token>
        <token name="T_WHITESPACE"> </token>
        <token name="T_VARIABLE">$middleware</token>
        <token name="T_WHITESPACE"> </token>
        <token name="T_EQUAL">=</token>
        <token name="T_WHITESPACE"> </token>
        <token name="T_OPEN_SQUARE">[</token>
      </line>
      <line no="17">
        <token name="T_WHITESPACE">        </token>
        <token name="T_COMMENT">// \App\Http\Middleware\TrustHosts::class,</token>
      </line>
      <line no="18">
        <token name="T_WHITESPACE">        </token>
        <token name="T_NAME_FULLY_QUALIFIED">\App\Http\Middleware\TrustProxies</token>
        <token name="T_DOUBLE_COLON">::</token>
        <token name="T_CLASS">class</token>
        <token name="T_COMMA">,</token>
      </line>
      <line no="19">
        <token name="T_WHITESPACE">        </token>
        <token name="T_NAME_FULLY_QUALIFIED">\Illuminate\Http\Middleware\HandleCors</token>
        <token name="T_DOUBLE_COLON">::</token>
        <token name="T_CLASS">class</token>
        <token name="T_COMMA">,</token>
      </line>
      <line no="20">
        <token name="T_WHITESPACE">        </token>
        <token name="T_NAME_FULLY_QUALIFIED">\App\Http\Middleware\PreventRequestsDuringMaintenance</token>
        <token name="T_DOUBLE_COLON">::</token>
        <token name="T_CLASS">class</token>
        <token name="T_COMMA">,</token>
      </line>
      <line no="21">
        <token name="T_WHITESPACE">        </token>
        <token name="T_NAME_FULLY_QUALIFIED">\Illuminate\Foundation\Http\Middleware\ValidatePostSize</token>
        <token name="T_DOUBLE_COLON">::</token>
        <token name="T_CLASS">class</token>
        <token name="T_COMMA">,</token>
      </line>
      <line no="22">
        <token name="T_WHITESPACE">        </token>
        <token name="T_NAME_FULLY_QUALIFIED">\App\Http\Middleware\TrimStrings</token>
        <token name="T_DOUBLE_COLON">::</token>
        <token name="T_CLASS">class</token>
        <token name="T_COMMA">,</token>
      </line>
      <line no="23">
        <token name="T_WHITESPACE">        </token>
        <token name="T_NAME_FULLY_QUALIFIED">\Illuminate\Foundation\Http\Middleware\ConvertEmptyStringsToNull</token>
        <token name="T_DOUBLE_COLON">::</token>
        <token name="T_CLASS">class</token>
        <token name="T_COMMA">,</token>
      </line>
      <line no="24">
        <token name="T_WHITESPACE">    </token>
        <token name="T_CLOSE_SQUARE">]</token>
        <token name="T_SEMICOLON">;</token>
      </line>
      <line no="25"/>
      <line no="26">
        <token name="T_WHITESPACE">    </token>
        <token name="T_DOC_COMMENT">/**</token>
      </line>
      <line no="27">
        <token name="T_DOC_COMMENT">     * The application's route middleware groups.</token>
      </line>
      <line no="28">
        <token name="T_DOC_COMMENT">     *</token>
      </line>
      <line no="29">
        <token name="T_DOC_COMMENT">     * @var array&lt;string, array&lt;int, class-string|string&gt;&gt;</token>
      </line>
      <line no="30">
        <token name="T_DOC_COMMENT">     */</token>
      </line>
      <line no="31">
        <token name="T_WHITESPACE">    </token>
        <token name="T_PROTECTED">protected</token>
        <token name="T_WHITESPACE"> </token>
        <token name="T_VARIABLE">$middlewareGroups</token>
        <token name="T_WHITESPACE"> </token>
        <token name="T_EQUAL">=</token>
        <token name="T_WHITESPACE"> </token>
        <token name="T_OPEN_SQUARE">[</token>
      </line>
      <line no="32">
        <token name="T_WHITESPACE">        </token>
        <token name="T_CONSTANT_ENCAPSED_STRING">'web'</token>
        <token name="T_WHITESPACE"> </token>
        <token name="T_DOUBLE_ARROW">=&gt;</token>
        <token name="T_WHITESPACE"> </token>
        <token name="T_OPEN_SQUARE">[</token>
      </line>
      <line no="33">
        <token name="T_WHITESPACE">            </token>
        <token name="T_NAME_FULLY_QUALIFIED">\App\Http\Middleware\EncryptCookies</token>
        <token name="T_DOUBLE_COLON">::</token>
        <token name="T_CLASS">class</token>
        <token name="T_COMMA">,</token>
      </line>
      <line no="34">
        <token name="T_WHITESPACE">            </token>
        <token name="T_NAME_FULLY_QUALIFIED">\Illuminate\Cookie\Middleware\AddQueuedCookiesToResponse</token>
        <token name="T_DOUBLE_COLON">::</token>
        <token name="T_CLASS">class</token>
        <token name="T_COMMA">,</token>
      </line>
      <line no="35">
        <token name="T_WHITESPACE">            </token>
        <token name="T_NAME_FULLY_QUALIFIED">\Illuminate\Session\Middleware\StartSession</token>
        <token name="T_DOUBLE_COLON">::</token>
        <token name="T_CLASS">class</token>
        <token name="T_COMMA">,</token>
      </line>
      <line no="36">
        <token name="T_WHITESPACE">            </token>
        <token name="T_NAME_FULLY_QUALIFIED">\Illuminate\View\Middleware\ShareErrorsFromSession</token>
        <token name="T_DOUBLE_COLON">::</token>
        <token name="T_CLASS">class</token>
        <token name="T_COMMA">,</token>
      </line>
      <line no="37">
        <token name="T_WHITESPACE">            </token>
        <token name="T_NAME_FULLY_QUALIFIED">\App\Http\Middleware\VerifyCsrfToken</token>
        <token name="T_DOUBLE_COLON">::</token>
        <token name="T_CLASS">class</token>
        <token name="T_COMMA">,</token>
      </line>
      <line no="38">
        <token name="T_WHITESPACE">            </token>
        <token name="T_NAME_FULLY_QUALIFIED">\Illuminate\Routing\Middleware\SubstituteBindings</token>
        <token name="T_DOUBLE_COLON">::</token>
        <token name="T_CLASS">class</token>
        <token name="T_COMMA">,</token>
      </line>
      <line no="39">
        <token name="T_WHITESPACE">            </token>
        <token name="T_NAME_FULLY_QUALIFIED">\App\Http\Middleware\HandleInertiaRequests</token>
        <token name="T_DOUBLE_COLON">::</token>
        <token name="T_CLASS">class</token>
        <token name="T_COMMA">,</token>
      </line>
      <line no="40">
        <token name="T_WHITESPACE">            </token>
        <token name="T_NAME_FULLY_QUALIFIED">\Illuminate\Http\Middleware\AddLinkHeadersForPreloadedAssets</token>
        <token name="T_DOUBLE_COLON">::</token>
        <token name="T_CLASS">class</token>
        <token name="T_COMMA">,</token>
      </line>
      <line no="41">
        <token name="T_WHITESPACE">        </token>
        <token name="T_CLOSE_SQUARE">]</token>
        <token name="T_COMMA">,</token>
      </line>
      <line no="42"/>
      <line no="43">
        <token name="T_WHITESPACE">        </token>
        <token name="T_CONSTANT_ENCAPSED_STRING">'api'</token>
        <token name="T_WHITESPACE"> </token>
        <token name="T_DOUBLE_ARROW">=&gt;</token>
        <token name="T_WHITESPACE"> </token>
        <token name="T_OPEN_SQUARE">[</token>
      </line>
      <line no="44">
        <token name="T_WHITESPACE">            </token>
        <token name="T_COMMENT">// \Laravel\Sanctum\Http\Middleware\EnsureFrontendRequestsAreStateful::class,</token>
      </line>
      <line no="45">
        <token name="T_WHITESPACE">            </token>
        <token name="T_NAME_FULLY_QUALIFIED">\Illuminate\Routing\Middleware\ThrottleRequests</token>
        <token name="T_DOUBLE_COLON">::</token>
        <token name="T_CLASS">class</token>
        <token name="T_DOT">.</token>
        <token name="T_CONSTANT_ENCAPSED_STRING">':api'</token>
        <token name="T_COMMA">,</token>
      </line>
      <line no="46">
        <token name="T_WHITESPACE">            </token>
        <token name="T_NAME_FULLY_QUALIFIED">\Illuminate\Routing\Middleware\SubstituteBindings</token>
        <token name="T_DOUBLE_COLON">::</token>
        <token name="T_CLASS">class</token>
        <token name="T_COMMA">,</token>
      </line>
      <line no="47">
        <token name="T_WHITESPACE">        </token>
        <token name="T_CLOSE_SQUARE">]</token>
        <token name="T_COMMA">,</token>
      </line>
      <line no="48">
        <token name="T_WHITESPACE">    </token>
        <token name="T_CLOSE_SQUARE">]</token>
        <token name="T_SEMICOLON">;</token>
      </line>
      <line no="49"/>
      <line no="50">
        <token name="T_WHITESPACE">    </token>
        <token name="T_DOC_COMMENT">/**</token>
      </line>
      <line no="51">
        <token name="T_DOC_COMMENT">     * The application's middleware aliases.</token>
      </line>
      <line no="52">
        <token name="T_DOC_COMMENT">     *</token>
      </line>
      <line no="53">
        <token name="T_DOC_COMMENT">     * Aliases may be used instead of class names to conveniently assign middleware to routes and groups.</token>
      </line>
      <line no="54">
        <token name="T_DOC_COMMENT">     *</token>
      </line>
      <line no="55">
        <token name="T_DOC_COMMENT">     * @var array&lt;string, class-string|string&gt;</token>
      </line>
      <line no="56">
        <token name="T_DOC_COMMENT">     */</token>
      </line>
      <line no="57">
        <token name="T_WHITESPACE">    </token>
        <token name="T_PROTECTED">protected</token>
        <token name="T_WHITESPACE"> </token>
        <token name="T_VARIABLE">$middlewareAliases</token>
        <token name="T_WHITESPACE"> </token>
        <token name="T_EQUAL">=</token>
        <token name="T_WHITESPACE"> </token>
        <token name="T_OPEN_SQUARE">[</token>
      </line>
      <line no="58">
        <token name="T_WHITESPACE">        </token>
        <token name="T_CONSTANT_ENCAPSED_STRING">'auth'</token>
        <token name="T_WHITESPACE"> </token>
        <token name="T_DOUBLE_ARROW">=&gt;</token>
        <token name="T_WHITESPACE"> </token>
        <token name="T_NAME_FULLY_QUALIFIED">\App\Http\Middleware\Authenticate</token>
        <token name="T_DOUBLE_COLON">::</token>
        <token name="T_CLASS">class</token>
        <token name="T_COMMA">,</token>
      </line>
      <line no="59">
        <token name="T_WHITESPACE">        </token>
        <token name="T_CONSTANT_ENCAPSED_STRING">'auth.basic'</token>
        <token name="T_WHITESPACE"> </token>
        <token name="T_DOUBLE_ARROW">=&gt;</token>
        <token name="T_WHITESPACE"> </token>
        <token name="T_NAME_FULLY_QUALIFIED">\Illuminate\Auth\Middleware\AuthenticateWithBasicAuth</token>
        <token name="T_DOUBLE_COLON">::</token>
        <token name="T_CLASS">class</token>
        <token name="T_COMMA">,</token>
      </line>
      <line no="60">
        <token name="T_WHITESPACE">        </token>
        <token name="T_CONSTANT_ENCAPSED_STRING">'auth.session'</token>
        <token name="T_WHITESPACE"> </token>
        <token name="T_DOUBLE_ARROW">=&gt;</token>
        <token name="T_WHITESPACE"> </token>
        <token name="T_NAME_FULLY_QUALIFIED">\Illuminate\Session\Middleware\AuthenticateSession</token>
        <token name="T_DOUBLE_COLON">::</token>
        <token name="T_CLASS">class</token>
        <token name="T_COMMA">,</token>
      </line>
      <line no="61">
        <token name="T_WHITESPACE">        </token>
        <token name="T_CONSTANT_ENCAPSED_STRING">'cache.headers'</token>
        <token name="T_WHITESPACE"> </token>
        <token name="T_DOUBLE_ARROW">=&gt;</token>
        <token name="T_WHITESPACE"> </token>
        <token name="T_NAME_FULLY_QUALIFIED">\Illuminate\Http\Middleware\SetCacheHeaders</token>
        <token name="T_DOUBLE_COLON">::</token>
        <token name="T_CLASS">class</token>
        <token name="T_COMMA">,</token>
      </line>
      <line no="62">
        <token name="T_WHITESPACE">        </token>
        <token name="T_CONSTANT_ENCAPSED_STRING">'can'</token>
        <token name="T_WHITESPACE"> </token>
        <token name="T_DOUBLE_ARROW">=&gt;</token>
        <token name="T_WHITESPACE"> </token>
        <token name="T_NAME_FULLY_QUALIFIED">\Illuminate\Auth\Middleware\Authorize</token>
        <token name="T_DOUBLE_COLON">::</token>
        <token name="T_CLASS">class</token>
        <token name="T_COMMA">,</token>
      </line>
      <line no="63">
        <token name="T_WHITESPACE">        </token>
        <token name="T_CONSTANT_ENCAPSED_STRING">'guest'</token>
        <token name="T_WHITESPACE"> </token>
        <token name="T_DOUBLE_ARROW">=&gt;</token>
        <token name="T_WHITESPACE"> </token>
        <token name="T_NAME_FULLY_QUALIFIED">\App\Http\Middleware\RedirectIfAuthenticated</token>
        <token name="T_DOUBLE_COLON">::</token>
        <token name="T_CLASS">class</token>
        <token name="T_COMMA">,</token>
      </line>
      <line no="64">
        <token name="T_WHITESPACE">        </token>
        <token name="T_CONSTANT_ENCAPSED_STRING">'password.confirm'</token>
        <token name="T_WHITESPACE"> </token>
        <token name="T_DOUBLE_ARROW">=&gt;</token>
        <token name="T_WHITESPACE"> </token>
        <token name="T_NAME_FULLY_QUALIFIED">\Illuminate\Auth\Middleware\RequirePassword</token>
        <token name="T_DOUBLE_COLON">::</token>
        <token name="T_CLASS">class</token>
        <token name="T_COMMA">,</token>
      </line>
      <line no="65">
        <token name="T_WHITESPACE">        </token>
        <token name="T_CONSTANT_ENCAPSED_STRING">'precognitive'</token>
        <token name="T_WHITESPACE"> </token>
        <token name="T_DOUBLE_ARROW">=&gt;</token>
        <token name="T_WHITESPACE"> </token>
        <token name="T_NAME_FULLY_QUALIFIED">\Illuminate\Foundation\Http\Middleware\HandlePrecognitiveRequests</token>
        <token name="T_DOUBLE_COLON">::</token>
        <token name="T_CLASS">class</token>
        <token name="T_COMMA">,</token>
      </line>
      <line no="66">
        <token name="T_WHITESPACE">        </token>
        <token name="T_CONSTANT_ENCAPSED_STRING">'signed'</token>
        <token name="T_WHITESPACE"> </token>
        <token name="T_DOUBLE_ARROW">=&gt;</token>
        <token name="T_WHITESPACE"> </token>
        <token name="T_NAME_FULLY_QUALIFIED">\App\Http\Middleware\ValidateSignature</token>
        <token name="T_DOUBLE_COLON">::</token>
        <token name="T_CLASS">class</token>
        <token name="T_COMMA">,</token>
      </line>
      <line no="67">
        <token name="T_WHITESPACE">        </token>
        <token name="T_CONSTANT_ENCAPSED_STRING">'throttle'</token>
        <token name="T_WHITESPACE"> </token>
        <token name="T_DOUBLE_ARROW">=&gt;</token>
        <token name="T_WHITESPACE"> </token>
        <token name="T_NAME_FULLY_QUALIFIED">\Illuminate\Routing\Middleware\ThrottleRequests</token>
        <token name="T_DOUBLE_COLON">::</token>
        <token name="T_CLASS">class</token>
        <token name="T_COMMA">,</token>
      </line>
      <line no="68">
        <token name="T_WHITESPACE">        </token>
        <token name="T_CONSTANT_ENCAPSED_STRING">'verified'</token>
        <token name="T_WHITESPACE"> </token>
        <token name="T_DOUBLE_ARROW">=&gt;</token>
        <token name="T_WHITESPACE"> </token>
        <token name="T_NAME_FULLY_QUALIFIED">\Illuminate\Auth\Middleware\EnsureEmailIsVerified</token>
        <token name="T_DOUBLE_COLON">::</token>
        <token name="T_CLASS">class</token>
        <token name="T_COMMA">,</token>
      </line>
      <line no="69">
        <token name="T_WHITESPACE">        </token>
        <token name="T_CONSTANT_ENCAPSED_STRING">'user.last.seen.at'</token>
        <token name="T_WHITESPACE"> </token>
        <token name="T_DOUBLE_ARROW">=&gt;</token>
        <token name="T_WHITESPACE"> </token>
        <token name="T_NAME_FULLY_QUALIFIED">\App\Http\Middleware\UserLastSeenAtMiddleware</token>
        <token name="T_DOUBLE_COLON">::</token>
        <token name="T_CLASS">class</token>
        <token name="T_COMMA">,</token>
      </line>
      <line no="70">
        <token name="T_WHITESPACE">    </token>
        <token name="T_CLOSE_SQUARE">]</token>
        <token name="T_SEMICOLON">;</token>
      </line>
      <line no="71">
        <token name="T_CLOSE_CURLY">}</token>
      </line>
      <line no="72"/>
    </source>
  </file>
</phpunit>
